{
  "definition": {
    "$schema": "https://schema.management.azure.com/providers/Microsoft.Logic/schemas/2016-06-01/workflowdefinition.json#",
    "contentVersion": "1.0.0.0",
    "parameters": {},
    "triggers": {
      "manual": {
        "type": "Request",
        "kind": "Http",
        "inputs": {
          "method": "GET"
        }
      }
    },
    "actions": {
      "Response": {
        "type": "Response",
        "inputs": {
          "statusCode": 200,
          "headers": {
            "Content-Type": "application/json"
          },
          "body": {
            "message": "Hello from Logic App API Translator!",
            "timestamp": "@utcNow()"
          }
        },
        "runAfter": {}
      }
    },
    "outputs": {}
  },
  "kind": "Stateful"
}
