{
  "IsEncrypted": false,
  "Values": {
    "AzureWebJobsStorage": "DefaultEndpointsProtocol=https;AccountName=azdsab2binteus01;AccountKey=YYuuYKY0eJJ3SHaRJ+IwbAGubaqPcdDuyKFoJM50dfvYIJEnAOA2k/g0J9ci3S7rJFA4yR9EoEk2Z6l0J6iKKQ==;EndpointSuffix=core.windows.net",
    "FUNCTIONS_INPROC_NET8_ENABLED": "1",
    "FUNCTIONS_WORKER_RUNTIME": "dotnet",
    "APP_KIND": "workflowapp",
    "FUNCTIONS_EXTENSION_VERSION": "~4",
    "WEBSITE_NODE_DEFAULT_VERSION": "~18",
    "STYLESHEET_STORAGE_ACCOUNT": "azdsab2binteus01",
    "PARTNER_CONFIG_API_URL": "@Microsoft.KeyVault(SecretUri=https://az-d-kv-b2bInt-eus-01.vault.azure.net/secrets/PartnerConfigApiUrl/)",
    "WEBSITE_CONTENTAZUREFILECONNECTIONSTRING": "DefaultEndpointsProtocol=https;AccountName=azdsab2binteus01;AccountKey=YYuuYKY0eJJ3SHaRJ+IwbAGubaqPcdDuyKFoJM50dfvYIJEnAOA2k/g0J9ci3S7rJFA4yR9EoEk2Z6l0J6iKKQ==;EndpointSuffix=core.windows.net",
    "WEBSITE_CONTENTSHARE": "az-d-lap-apitranslator-eus-03",
    "APPINSIGHTS_INSTRUMENTATIONKEY": "a60ce619-2831-4df8-bfa6-80ba552f7236",
    "APPLICATIONINSIGHTS_CONNECTION_STRING": "InstrumentationKey=a60ce619-2831-4df8-bfa6-80ba552f7236;IngestionEndpoint=https://eastus-8.in.applicationinsights.azure.com/;LiveEndpoint=https://eastus.livediagnostics.monitor.azure.com/;ApplicationId=32d8097d-2413-4651-a12a-421c54077d72",
    "INTEGRATION_ACCOUNT_ID": "/subscriptions/b3d2bd45-5b6c-47f7-90a5-de1bfe91c9a9/resourceGroups/az-d-rg-b2bIntegration/providers/Microsoft.Logic/integrationAccounts/az-d-ia-b2bIntegration",
    "WEBSITE_RUN_FROM_PACKAGE": "1"
  },
  "ConnectionStrings": {},
  "Host": {}
}