{
  "IsEncrypted": false,
  "Values": {
    "AzureWebJobsStorage": "DefaultEndpointsProtocol=https;AccountName=azdlapapitranslatoreus02;AccountKey=6eXznS2jR7OFaP8exX3Jq4SZYj6mDC11fSZ5UYUBGksgO3TWedUBfWYrWxdr2ACczYRgrkQAY1ev+AStyaSt+Q==;EndpointSuffix=core.windows.net",
    "FUNCTIONS_INPROC_NET8_ENABLED": "1",
    "FUNCTIONS_WORKER_RUNTIME": "dotnet",
    "APP_KIND": "workflowApp",
    "ProjectDirectoryPath": "c:\\Users\\mwsmith\\OneDrive - ScanSource, Inc\\.Net\\source\\scsc.ApiTranslator\\ApiTranslator\\ApiTranslator",
    "WEBSITE_SLOT_NAME": "Production",
    "FUNCTIONS_EXTENSION_VERSION": "~4",
    "ScmType": "None",
    "WEBSITE_AUTH_ENABLED": "False",
    "FUNCTIONS_RUNTIME_SCALE_MONITORING_ENABLED": "1",
    "APPINSIGHTS_INSTRUMENTATIONKEY": "f3fbce10-230b-4466-9aa8-8776e858867f",
    "WEBSITE_NODE_DEFAULT_VERSION": "18.20.7",
    "Workflows.WebhookRedirectHostUri": "",
    "WEBSITE_CONTENTAZUREFILECONNECTIONSTRING": "DefaultEndpointsProtocol=https;AccountName=azdlapapitranslatoreus02;AccountKey=6eXznS2jR7OFaP8exX3Jq4SZYj6mDC11fSZ5UYUBGksgO3TWedUBfWYrWxdr2ACczYRgrkQAY1ev+AStyaSt+Q==;EndpointSuffix=core.windows.net",
    "WEBSITE_CONTENTSHARE": "az-d-lap-apitranslator-eus-023ea19f",
    "WEBSITE_DEFAULT_HOSTNAME": "az-d-lap-apitranslator-eus-02.azurewebsites.net",
    "WEBSITE_SITE_NAME": "az-d-lap-ApiTranslator-eus-02",
    "WORKFLOWS_TENANT_ID": "4e7793f2-c814-47e3-8859-bd15dcaee578",
    "WORKFLOWS_SUBSCRIPTION_ID": "b3d2bd45-5b6c-47f7-90a5-de1bfe91c9a9",
    "WORKFLOWS_RESOURCE_GROUP_NAME": "az-d-rg-b2bIntegration",
    "WORKFLOWS_LOCATION_NAME": "eastus",
    "WORKFLOWS_MANAGEMENT_BASE_URI": "https://management.azure.com/"
  }
}
